"","H","C","STD","SemiLength","Series"
"1",0.878902263096098,0.196708307635162,0.308456811814937,0.00048005152410273,"DE time"
"2",0.974662957501741,0.0447327867700425,0.150249296563045,0.000233833071755039,"FE time"
"3",0.951417816269292,0.0853747648259801,0.139974291037642,0.000217842074397546,"BA_time"
