"","H","C","STD","SemiLength","Series"
"1",0.671190011122212,0.223999906256371,0.369834214923116,0.000288076004966921,"DE time"
"2",0.795567718235572,0.159678622667861,0.297318543925396,0.000231591169449847,"FE time"
