"","H","C","STD","SemiLength","Series"
"1",0.977104828243335,0.0215793593199294,0.114652901305448,0.000178442424739848,"DE time"
"2",0.998431557810761,0.00153291044207409,0.0299381754767454,4.65949013372558e-05,"FE time"
"3",0.974747487216037,0.0237296593410176,0.143812928967182,0.00022382623956001,"BA_time"
