"","H","C","STD","SemiLength","Series"
"1",0.673631934170189,0.222979772486649,0.382430453035129,0.000297942197184351,"DE time"
"2",0.803770109745519,0.154568749960352,0.314486495389811,0.000245008724272907,"FE time"
