"","H","C","STD","SemiLength","Series"
"1",0.558658374701237,0.282298085182156,0.429851300068959,0.000334886643849633,"DE time"
"2",0.724404236342522,0.237615262722103,0.420319614045808,0.000327460740189438,"FE time"
