"","H","C","STD","SemiLength","Series"
"1",0.554969880945484,0.283704150158185,0.394302744326758,0.000307135369633494,"DE time"
"2",0.71344704864155,0.244413402405859,0.388781183572863,0.000302834444449732,"FE time"
