"","H","C","STD","SemiLength","Series"
"1",0.974316799083802,0.0241216475321471,0.124750573159452,0.000194074825371155,"DE time"
"2",0.993978644628203,0.00582204395693687,0.0677295281201783,0.000105367021645611,"FE time"
"3",0.954678143029087,0.0416026951894537,0.205587706421696,0.000319833386025803,"BA_time"
