"","H","C","STD","SemiLength","Series"
"1",0.66892329733161,0.22493851652731,0.370655380591305,0.000291341532579407,"DE time"
"2",0.791092835785639,0.162420458193241,0.317741962961271,0.000249750672191099,"FE time"
