"","H","C","STD","SemiLength","Series"
"1",0.891101278615204,0.13745073168984,0.270719137349593,0.000421320225524096,"DE time"
"2",0.987521506411096,0.0167986410627631,0.0902883520319073,0.000140515772961994,"FE time"
"3",0.977701062170293,0.0291314595221253,0.144369712867445,0.000224682601236326,"BA_time"
