"","H","C","STD","SemiLength","Series"
"1",0.978085728989874,0.0206810783850161,0.110936344850993,0.000172650192203466,"DE time"
"2",0.999454836643092,0.000535046769958963,0.0133020345434906,2.07019514093016e-05,"FE time"
"3",0.98729424948659,0.0121458839085692,0.0885035630029297,0.000137738062162326,"BA_time"
