"","H","C","STD","SemiLength","Series"
"1",0.776281508386206,0.234399608897329,0.260798663202477,0.000734811745610128,"DE time"
"2",0.787273046674839,0.224088643133795,0.262575796908575,0.00073981889827236,"FE time"
