"","H","C","STD","SemiLength","Series"
"1",0.876104993063848,0.104940873759905,0,0,"DE time"
"2",0.869144521634722,0.110073050339801,0,0,"FE time"
