"","H","C","STD","SemiLength","Series"
"1",0.896692325765853,0.131192932018855,0.240796941628235,0.000374608612483259,"DE time"
"2",0.990089710284038,0.0129624679006019,0.106328893261972,0.000165416217093171,"FE time"
"3",0.926875119830508,0.0857158123088952,0.30405591514541,0.000473020810479405,"BA_time"
