"","H","C","STD","SemiLength","Series"
"1",0.890038478111897,0.138679918892435,0.270094547018988,0.000420367391716909,"DE time"
"2",0.994873250756197,0.00684038802711505,0.059635588026589,9.28151155546244e-05,"FE time"
"3",0.959072579563074,0.0509124691572722,0.231906531507472,0.000360932661721074,"BA_time"
