"","H","C","STD","SemiLength","Series"
"1",0.552037723697062,0.283757633327164,0.391394826273128,0.000307643119918728,"DE time"
"2",0.708682389244546,0.243838644970732,0.401204371811639,0.000315353592801541,"FE time"
