"","H","C","STD","SemiLength","Series"
"1",0.665235051826366,0.226446947732015,0.358893145210968,0.000441477515089078,"DE time"
"2",0.709931002474156,0.206650664387336,0.365459026710382,0.000449554261851758,"FE time"
