"","H","C","STD","SemiLength","Series"
"1",0.978274641279753,0.0205078795885718,0.109266513392217,0.000170082536079754,"DE time"
"2",0.999005110196941,0.000974412572388529,0.0232905110181767,3.62536431115509e-05,"FE time"
"3",0.983305787463938,0.0158657938568895,0.11061815923613,0.000172186486740183,"BA_time"
