"","H","C","STD","SemiLength","Series"
"1",0.546893169883715,0.284873721329107,0.360082897216675,0.000442941126404186,"DE time"
"2",0.605354869846604,0.274728093354,0.403202662201042,0.000495983127065957,"FE time"
