"","H","C","STD","SemiLength","Series"
"1",0.780998596868824,0.244837233540418,0.200566740432638,0.000564092375203438,"DE time"
"2",0.78681752193501,0.231622874192828,0.247922507130555,0.000697280095453494,"FE time"
