"H","C","STD","SemiLength","Series"
0.85764465381122,0.118383891644038,0.0700103385564654,0.000197257015421974,"DE time"
0.862282397556767,0.115059622713952,0.074006391866568,0.000208516060381201,"FE time"
