"H","C","STD","SemiLength","Series"
0.682665374554765,0.263775832111925,0.371850122613642,0.00147563807103907,"DE time"
0.723922221676549,0.240561774855154,0.349690525839117,0.00138770063966342,"FE time"
