"","H","C","STD","SemiLength","Series"
"1",0.873592599205596,0.106798736775969,0,0,"DE time"
"2",0.866419610623557,0.112066024261344,0,0,"FE time"
