"","H","C","STD","SemiLength","Series"
"1",0.730622851171022,NA,NA,NA,"DE time"
"2",0.736179853329394,0.33079874739971,0.282717319574294,0.00079561629590004,"FE time"
