"H","C","STD","SemiLength","Series"
0.730564853413261,NA,NA,NA,"DE time"
0.745358491862451,0.318268942874018,0.301152214333711,0.000848510533931448,"FE time"
