"","H","C","STD","SemiLength","Series"
"1",0.725867035742895,NA,NA,NA,"DE time"
"2",0.739512943235718,0.329150163059414,0.275390111321373,0.000774533312987005,"FE time"
