"H","C","STD","SemiLength","Series"
0.631941305356665,0.345440899076924,0.435758906861322,0.00172925518020209,"DE time"
0.67842741014405,0.324656344274251,0.413389380546479,0.00164048448923163,"FE time"
